{"cameraMode":{"drawMode":0,"name":"Shaded","section":"Shading Mode"},"sceneLighting":true,"audioPlay":false,"sceneViewState":{"m_AlwaysRefresh":false,"showFog":true,"showSkybox":true,"showFlares":true,"showImageEffects":true,"showParticleSystems":true,"showVisualEffectGraphs":true,"m_FxEnabled":true},"in2DMode":false,"pivot":{"x":20.315109252929689,"y":-1.0011388063430787,"z":-0.9007349014282227},"rotation":{"x":-0.09458713978528977,"y":-0.04270168021321297,"z":0.00405080197378993,"w":-0.994651198387146},"size":49.03426742553711,"orthographic":false}